route,status,robots,canonical,hreflang_count,title,h1_count,main_words,depth_from_hub
/proto/model-hero,200,"noindex, nofollow",,0,Prototype · model page first screen,1,147,not in hub graph
/,200,"noindex, nofollow",,0,The library · Prompt Library,1,5162,not in hub graph
/zh-CN/blog,200,"noindex, nofollow",,0,The library · Prompt Library,1,35,not in hub graph
/zh-CN/prompts/a-cinematic-15-second-music-video-shot-in-a--2078814921756754352,200,"noindex, nofollow",,0,"Neon dance-studio music video, 15 seconds · Prompt Library",1,652,1
/zh-CN/prompts/30-second-cinematic-short-create-a-30-second-2088866007918268515,200,"noindex, nofollow",,0,"Paper world, 30-second cinematic short · Prompt Library",1,656,1
/zh-CN/prompts/a-realistic-young-woman-sitting-casually-in--2047862141894681076,200,"noindex, nofollow",,0,"Bedroom phone recording, late afternoon light · Prompt Library",1,225,1
/zh-CN/prompts/a-stylized-retro-futuristic-music-poster-in--2026574551207792783,200,"noindex, nofollow",,0,Synthwave poster with block HEIS type · Prompt Library,1,288,1
/zh-CN/prompts/camera-handheld-dv-16mm-daily-vlog-footage-2087155737784918460,200,"noindex, nofollow",,0,Handheld DV vlog through a stone-street town · Prompt Library,1,551,1
/zh-CN/prompts/concept-2008952931484098637,200,"noindex, nofollow",,0,Isometric diorama of [LOCATION] on a round base · Prompt Library,1,391,1
/zh-CN/prompts/concept-scroll-read-this-brief-script-the-sc-2073529429838696592,200,"noindex, nofollow",,0,"Scroll-scripted site build, shot by shot · Prompt Library",1,303,1
/zh-CN/prompts/country-miniature-stamp-poster,200,"noindex, nofollow",,0,Country stamp built as a breaking-out miniature · Prompt Library,1,345,1
/zh-CN/prompts/creators,200,"noindex, nofollow",,0,Creators · Prompt Library,1,23,1
/zh-CN/prompts/design-a-hyper-realistic-fifa-2026-football--2060203818785370400,200,"noindex, nofollow",,0,FIFA 2026 player poster in team colours · Prompt Library,1,450,1
/zh-CN/prompts/create-a-photorealistic-premium-product-camp-2063871161998745877,200,"noindex, nofollow",,0,"Premium product campaign poster, 4:5 · Prompt Library",1,249,1
/zh-CN/prompts/design-high-quality-promotional-post-showcas-1992826251220754540,200,"noindex, nofollow",,0,Device spec sheet as a product poster · Prompt Library,1,195,1
/zh-CN/prompts/image-analysis-overall-scene-provocative-gym-2019849202591789460,200,"noindex, nofollow",,0,Gym mirror selfie under blue-purple LED · Prompt Library,1,513,1
/zh-CN/prompts/japanese-girl-with-long-straight-black-hair--2068543924055240801,200,"noindex, nofollow",,0,"Convenience-store student, mint polo · Prompt Library",1,262,1
/zh-CN/prompts/image-type-portrait-travel-photography-promp-2060557083679076537,200,"noindex, nofollow",,0,"Lakeside blue-hour portrait, palace behind · Prompt Library",1,311,1
/zh-CN/prompts/image,200,"noindex, nofollow",,0,Image prompts · Prompt Library,1,6215,1
/zh-CN/prompts/meta-quality-ultra-photorealistic-raw-style--2032169264963338327,200,"noindex, nofollow",,0,"Pink neon apartment portrait, shot on iPhone · Prompt Library",1,486,1
/zh-CN/prompts/model-families/gpt-image,200,"noindex, nofollow",,0,GPT Image prompts · Prompt Library,1,1622,1
/zh-CN/prompts/model-families/nano-banana,200,"noindex, nofollow",,0,Nano Banana prompts · Prompt Library,1,5406,1
/zh-CN/prompts/models/kling,200,"noindex, nofollow",,0,Kling prompts · Prompt Library,1,163,1
/zh-CN/prompts/models/gpt-image,200,"noindex, nofollow",,0,GPT Image prompts · Prompt Library,1,1245,2
/zh-CN/prompts/models/higgsfield-soul,200,"noindex, nofollow",,0,Higgsfield Soul prompts · Prompt Library,1,2199,1
/zh-CN/prompts/models/gpt-image-2,200,"noindex, nofollow",,0,GPT Image 2 prompts · Prompt Library,1,979,2
/zh-CN/prompts/models/nano-banana-2,200,"noindex, nofollow",,0,Nano Banana 2 prompts · Prompt Library,1,1116,2
/zh-CN/prompts/models/sora,200,"noindex, nofollow",,0,Sora prompts · Prompt Library,1,163,1
/zh-CN/prompts/models/nano-banana,200,"noindex, nofollow",,0,Nano Banana prompts · Prompt Library,1,2160,2
/zh-CN/prompts/models/seedance,200,"noindex, nofollow",,0,Seedance prompts · Prompt Library,1,4766,1
/zh-CN/prompts/models/nano-banana-pro,200,"noindex, nofollow",,0,Nano Banana Pro prompts · Prompt Library,1,4458,2
/zh-CN/prompts/models/veo,200,"noindex, nofollow",,0,Veo prompts · Prompt Library,1,163,1
/zh-CN/prompts/montage-multi-shot-candid-observational-foot-2085640281941307648,200,"noindex, nofollow",,0,Seven-shot handheld observational montage · Prompt Library,1,766,1
/zh-CN/prompts/models/wan,200,"noindex, nofollow",,0,Wan prompts · Prompt Library,1,163,1
/zh-CN/prompts/models,200,"noindex, nofollow",,0,Models · Prompt Library,1,13,1
/zh-CN/prompts/photorealistic-3-4-image-2051559171452215583,200,"noindex, nofollow",,0,Candid selfie with iPhone-5 grain · Prompt Library,1,472,1
/zh-CN/prompts/photorealistic-romantic-european-travel-edit-2065638647886659855,200,"noindex, nofollow",,0,"Italian villa balcony, pinstripe sundress · Prompt Library",1,353,1
/zh-CN/prompts/prompt-details-medium-raw-photograph-quality-2052012370373812240,200,"noindex, nofollow",,0,"Venetian bridge portrait, everything in focus · Prompt Library",1,423,1
/zh-CN/prompts/prompt-description-ultra-photorealistic-cand-2018792341192990900,200,"noindex, nofollow",,0,"Spider-Man suit portrait, playful expression · Prompt Library",1,390,1
/zh-CN/prompts/prompt-portrait-photography-from-above-ana-d-2015726421990056336,200,"noindex, nofollow",,0,Overhead portrait on the LA Walk of Fame · Prompt Library,1,564,1
/zh-CN/prompts/prompt-structure-subject-appearance-young-wo-2016908153284088004,200,"noindex, nofollow",,0,"Arcade motorcycle portrait, red crop top · Prompt Library",1,352,1
/zh-CN/prompts/scene-a-day-in-new-york-shot-entirely-by-the-2083168602363150527,200,"noindex, nofollow",,0,"A day in New York, filmed by the subject · Prompt Library",1,999,1
/zh-CN/prompts/scene-a-seamless-ultra-cinematic-one-take-sh-2071174186978951379,200,"noindex, nofollow",,0,One take from deep space to a cafe table · Prompt Library,1,454,1
/zh-CN/prompts/scene-type-indoor-close-up-lifestyle-selfie--2009912753650323721,200,"noindex, nofollow",,0,Cheek-to-cheek selfie in an industrial venue · Prompt Library,1,463,1
/zh-CN/prompts/shot-1-side-profile-medium-shot-of-a-black-m-2019109812341207229,200,"noindex, nofollow",,0,"1970s sedan, four-shot street sequence · Prompt Library",1,295,1
/zh-CN/prompts/styles/anime-illustrated,200,"noindex, nofollow",,0,Anime / illustrated prompts · Prompt Library,1,129,1
/zh-CN/prompts/styles/retro-vintage,200,"noindex, nofollow",,0,Retro / vintage prompts · Prompt Library,1,1889,1
/zh-CN/prompts/styles/luxury,200,"noindex, nofollow",,0,Luxury prompts · Prompt Library,1,3139,1
/zh-CN/prompts/styles/cinematic,200,"noindex, nofollow",,0,Cinematic prompts · Prompt Library,1,4237,1
/zh-CN/prompts/styles/photorealistic,200,"noindex, nofollow",,0,Photorealistic prompts · Prompt Library,1,9677,1
/zh-CN/prompts/styles/sci-fi-cyberpunk,200,"noindex, nofollow",,0,Sci-fi / cyberpunk prompts · Prompt Library,1,292,1
/zh-CN/prompts/subject-desc-young-woman-with-strong-resembl-2041085548928930146,200,"noindex, nofollow",,0,Latex Aquaman cosplay in emerald and gold · Prompt Library,1,571,1
/zh-CN/prompts/subject-downhill-kart-race-style-hyper-reali-2048450197085474925,200,"noindex, nofollow",,0,Downhill go-karts that launch off the cliff · Prompt Library,1,368,1
/zh-CN/prompts/subject-identity-biometric-reference-sabrina-2031703969882382558,200,"noindex, nofollow",,0,"Forensic-detail portrait, heart-shaped face · Prompt Library",1,485,1
/zh-CN/prompts/styles/surreal-fantasy,200,"noindex, nofollow",,0,Surreal / fantasy prompts · Prompt Library,1,129,1
/zh-CN/prompts/subject-identity-biometric-reference-sydney--2029632175482507599,200,"noindex, nofollow",,0,"Forensic-detail beauty portrait, hooded eyes · Prompt Library",1,669,1
/zh-CN/prompts/subjects/food-drink,200,"noindex, nofollow",,0,Food / drink prompts · Prompt Library,1,27,1
/zh-CN/prompts/subjects/architecture-interior,200,"noindex, nofollow",,0,Architecture / interior prompts · Prompt Library,1,44,1
/zh-CN/prompts/subjects/product,200,"noindex, nofollow",,0,Product prompts · Prompt Library,1,21,1
/zh-CN/prompts/subjects/person-portrait,200,"noindex, nofollow",,0,Person / portrait prompts · Prompt Library,1,186,1
/zh-CN/prompts/subjects/vehicle,200,"noindex, nofollow",,0,Vehicle prompts · Prompt Library,1,15,1
/zh-CN/prompts/ultra-realistic-cinematic-vertical-video-10--2085931701088174312,200,"noindex, nofollow",,0,"Korean bedroom evening vlog, 10 seconds · Prompt Library",1,406,1
/zh-CN/prompts/use-cases/automotive,200,"noindex, nofollow",,0,Automotive prompts · Prompt Library,1,675,1
/zh-CN/prompts/the-office-us-mockumentary-style-2084387316286595436,200,"noindex, nofollow",,0,"The Office mockumentary, conference room · Prompt Library",1,357,1
/zh-CN/prompts/use-cases/advertising,200,"noindex, nofollow",,0,Advertising prompts · Prompt Library,1,1259,1
/zh-CN/prompts/use-cases/beauty,200,"noindex, nofollow",,0,Beauty prompts · Prompt Library,1,1747,1
/zh-CN/prompts/use-cases/fashion,200,"noindex, nofollow",,0,Fashion prompts · Prompt Library,1,1805,1
/zh-CN/prompts/use-cases/ugc,200,"noindex, nofollow",,0,UGC prompts · Prompt Library,1,2030,1
/zh-CN/prompts/use-cases/product-marketing,200,"noindex, nofollow",,0,Product marketing prompts · Prompt Library,1,1500,1
/zh-CN/prompts/use-cases/food-beverage,200,"noindex, nofollow",,0,Food & beverage prompts · Prompt Library,1,2100,1
/zh-CN/prompts/use-cases/web-motion-design,200,"noindex, nofollow",,0,Web & motion design prompts · Prompt Library,1,537,1
/zh-CN/prompts/use-the-uploaded-picture-as-a-reference-stri-2027628259467313402,200,"noindex, nofollow",,0,Double-exposure profile from a reference photo · Prompt Library,1,309,1
/zh-CN/prompts/use-the-uploaded-reference-image-as-the-exac-2089932434351734933,200,"noindex, nofollow",,0,"Locked product and identity, outfit swapped · Prompt Library",1,697,1
/zh-CN/prompts/video,200,"noindex, nofollow",,0,Video prompts · Prompt Library,1,5030,1
/zh-CN/prompts,200,"noindex, nofollow",,0,The library · Prompt Library,1,5162,0
/robots.txt,200,,,0,,0,4,not in hub graph
/sitemap.xml,200,,,0,,0,3,not in hub graph
/zh-CN,200,"noindex, nofollow",,0,The library · Prompt Library,1,5162,not in hub graph
/en/prompts,404,"noindex, nofollow",,0,Page not found · Prompt Library,1,22,not in hub graph
/seo-audit-missing-20260904,404,"noindex, nofollow",,0,Page not found · Prompt Library,1,22,not in hub graph
/zh-CN/prompts/seo-audit-missing-20260904,404,"noindex, nofollow",,0,Page not found · Prompt Library,1,22,not in hub graph
/about,404,"noindex, nofollow",,0,Page not found · Prompt Library,1,22,not in hub graph
/contact,404,"noindex, nofollow",,0,Page not found · Prompt Library,1,22,not in hub graph
/privacy,404,"noindex, nofollow",,0,Page not found · Prompt Library,1,22,not in hub graph
/terms,404,"noindex, nofollow",,0,Page not found · Prompt Library,1,22,not in hub graph
/zh-CN/about,404,"noindex, nofollow",,0,Page not found · Prompt Library,1,22,not in hub graph
/zh-CN/privacy,404,"noindex, nofollow",,0,Page not found · Prompt Library,1,22,not in hub graph
/zh-CN/contact,404,"noindex, nofollow",,0,Page not found · Prompt Library,1,22,not in hub graph
/zh-CN/prompts?useCase=fashion,200,"noindex, nofollow",,0,The library · Prompt Library,1,5162,not in hub graph
/zh-CN/terms,404,"noindex, nofollow",,0,Page not found · Prompt Library,1,22,not in hub graph
/zh-CN/prompts?contentType=video,200,"noindex, nofollow",,0,The library · Prompt Library,1,5162,not in hub graph
/zh-CN/prompts/styles/photorealistic?q=portrait,200,"noindex, nofollow",,0,Photorealistic prompts · Prompt Library,1,9677,not in hub graph
/zh-CN/prompts/model-families/nano-banana?model=nano-banana-pro,200,"noindex, nofollow",,0,Nano Banana prompts · Prompt Library,1,5406,not in hub graph
